county_name,Year,Series,Permits
Atlanta,1980,All,1285
Atlanta,1980,Multi-family,921
Atlanta,1980,Single-family,364
Atlanta,1981,All,668
Atlanta,1981,Multi-family,32
Atlanta,1981,Single-family,636
Atlanta,1982,All,1718
Atlanta,1982,Multi-family,1375
Atlanta,1982,Single-family,343
Atlanta,1983,All,1103
Atlanta,1983,Multi-family,272
Atlanta,1983,Single-family,831
Atlanta,1984,All,1191
Atlanta,1984,Multi-family,866
Atlanta,1984,Single-family,325
Atlanta,1985,All,856
Atlanta,1985,Multi-family,575
Atlanta,1985,Single-family,281
Atlanta,1986,All,2346
Atlanta,1986,Multi-family,1975
Atlanta,1986,Single-family,371
Atlanta,1987,All,1397
Atlanta,1987,Multi-family,1046
Atlanta,1987,Single-family,351
Atlanta,1988,All,3598
Atlanta,1988,Multi-family,3048
Atlanta,1988,Single-family,550
Atlanta,1989,All,2104
Atlanta,1989,Multi-family,1666
Atlanta,1989,Single-family,438
Atlanta,1990,All,2525
Atlanta,1990,Multi-family,2100
Atlanta,1990,Single-family,425
Atlanta,1991,All,740
Atlanta,1991,Multi-family,444
Atlanta,1991,Single-family,296
Atlanta,1992,All,630
Atlanta,1992,Multi-family,165
Atlanta,1992,Single-family,465
Atlanta,1993,All,879
Atlanta,1993,Multi-family,554
Atlanta,1993,Single-family,325
Atlanta,1994,All,1091
Atlanta,1994,Multi-family,767
Atlanta,1994,Single-family,324
Atlanta,1995,All,1453
Atlanta,1995,Multi-family,1092
Atlanta,1995,Single-family,361
Atlanta,1996,All,3216
Atlanta,1996,Multi-family,2839
Atlanta,1996,Single-family,377
Atlanta,1997,All,1704
Atlanta,1997,Multi-family,1396
Atlanta,1997,Single-family,308
Atlanta,1998,All,2272
Atlanta,1998,Multi-family,1823
Atlanta,1998,Single-family,449
Atlanta,1999,All,3888
Atlanta,1999,Multi-family,3128
Atlanta,1999,Single-family,760
Atlanta,2000,All,5819
Atlanta,2000,Multi-family,5016
Atlanta,2000,Single-family,803
Atlanta,2001,All,6794
Atlanta,2001,Multi-family,6013
Atlanta,2001,Single-family,781
Atlanta,2002,All,6649
Atlanta,2002,Multi-family,5890
Atlanta,2002,Single-family,759
Atlanta,2003,All,6893
Atlanta,2003,Multi-family,5913
Atlanta,2003,Single-family,980
Atlanta,2004,All,9726
Atlanta,2004,Multi-family,8370
Atlanta,2004,Single-family,1356
Atlanta,2005,All,7974
Atlanta,2005,Multi-family,6410
Atlanta,2005,Single-family,1564
Atlanta,2006,All,10779
Atlanta,2006,Multi-family,8937
Atlanta,2006,Single-family,1842
Atlanta,2007,All,9297
Atlanta,2007,Multi-family,8050
Atlanta,2007,Single-family,1247
Atlanta,2008,All,2370
Atlanta,2008,Multi-family,1868
Atlanta,2008,Single-family,502
Atlanta,2009,All,919
Atlanta,2009,Multi-family,750
Atlanta,2009,Single-family,169
Atlanta,2010,All,279
Atlanta,2010,Multi-family,196
Atlanta,2010,Single-family,83
Atlanta,2011,All,737
Atlanta,2011,Multi-family,510
Atlanta,2011,Single-family,227
Atlanta,2012,All,2123
Atlanta,2012,Multi-family,1764
Atlanta,2012,Single-family,359
Atlanta,2013,All,5543
Atlanta,2013,Multi-family,5070
Atlanta,2013,Single-family,473
Atlanta,2014,All,4505
Atlanta,2014,Multi-family,3960
Atlanta,2014,Single-family,545
Atlanta,2015,All,6697
Atlanta,2015,Multi-family,5937
Atlanta,2015,Single-family,760
Atlanta,2016,All,8031
Atlanta,2016,Multi-family,7176
Atlanta,2016,Single-family,855
Atlanta,2017,All,5101
Atlanta,2017,Multi-family,4179
Atlanta,2017,Single-family,922
Atlanta,2018,All,6496
Atlanta,2018,Multi-family,5312
Atlanta,2018,Single-family,1184
Atlanta,2019,All,3283
Atlanta,2019,Multi-family,2555
Atlanta,2019,Single-family,728
Atlanta,2020,All,1674
Atlanta,2020,Multi-family,1301
Atlanta,2020,Single-family,373
Atlanta,2021,All,2413
Atlanta,2021,Multi-family,1558
Atlanta,2021,Single-family,855
Atlanta,2022,All,11853
Atlanta,2022,Multi-family,10078
Atlanta,2022,Single-family,1775
Atlanta,2023,All,7621
Atlanta,2023,Multi-family,6482
Atlanta,2023,Single-family,1139
Atlanta,2024,All,8109
Atlanta,2024,Multi-family,7318
Atlanta,2024,Single-family,791
Cherokee,1980,All,790
Cherokee,1980,Multi-family,26
Cherokee,1980,Single-family,764
Cherokee,1981,All,737
Cherokee,1981,Multi-family,105
Cherokee,1981,Single-family,632
Cherokee,1982,All,885
Cherokee,1982,Multi-family,0
Cherokee,1982,Single-family,885
Cherokee,1983,All,1185
Cherokee,1983,Multi-family,14
Cherokee,1983,Single-family,1171
Cherokee,1984,All,1557
Cherokee,1984,Multi-family,94
Cherokee,1984,Single-family,1463
Cherokee,1985,All,1660
Cherokee,1985,Multi-family,137
Cherokee,1985,Single-family,1523
Cherokee,1986,All,2733
Cherokee,1986,Multi-family,266
Cherokee,1986,Single-family,2467
Cherokee,1987,All,1867
Cherokee,1987,Multi-family,39
Cherokee,1987,Single-family,1828
Cherokee,1988,All,1788
Cherokee,1988,Multi-family,125
Cherokee,1988,Single-family,1663
Cherokee,1989,All,1414
Cherokee,1989,Multi-family,53
Cherokee,1989,Single-family,1361
Cherokee,1990,All,1061
Cherokee,1990,Multi-family,13
Cherokee,1990,Single-family,1048
Cherokee,1991,All,1260
Cherokee,1991,Multi-family,10
Cherokee,1991,Single-family,1250
Cherokee,1992,All,1703
Cherokee,1992,Multi-family,2
Cherokee,1992,Single-family,1701
Cherokee,1993,All,1988
Cherokee,1993,Multi-family,76
Cherokee,1993,Single-family,1912
Cherokee,1994,All,1904
Cherokee,1994,Multi-family,21
Cherokee,1994,Single-family,1883
Cherokee,1995,All,2378
Cherokee,1995,Multi-family,448
Cherokee,1995,Single-family,1930
Cherokee,1996,All,1969
Cherokee,1996,Multi-family,30
Cherokee,1996,Single-family,1939
Cherokee,1997,All,2159
Cherokee,1997,Multi-family,257
Cherokee,1997,Single-family,1902
Cherokee,1998,All,3339
Cherokee,1998,Multi-family,570
Cherokee,1998,Single-family,2769
Cherokee,1999,All,3380
Cherokee,1999,Multi-family,588
Cherokee,1999,Single-family,2792
Cherokee,2000,All,3776
Cherokee,2000,Multi-family,894
Cherokee,2000,Single-family,2882
Cherokee,2001,All,3611
Cherokee,2001,Multi-family,842
Cherokee,2001,Single-family,2769
Cherokee,2002,All,3795
Cherokee,2002,Multi-family,596
Cherokee,2002,Single-family,3199
Cherokee,2003,All,3804
Cherokee,2003,Multi-family,362
Cherokee,2003,Single-family,3442
Cherokee,2004,All,4084
Cherokee,2004,Multi-family,272
Cherokee,2004,Single-family,3812
Cherokee,2005,All,4162
Cherokee,2005,Multi-family,97
Cherokee,2005,Single-family,4065
Cherokee,2006,All,3723
Cherokee,2006,Multi-family,238
Cherokee,2006,Single-family,3485
Cherokee,2007,All,2231
Cherokee,2007,Multi-family,19
Cherokee,2007,Single-family,2212
Cherokee,2008,All,912
Cherokee,2008,Multi-family,4
Cherokee,2008,Single-family,908
Cherokee,2009,All,407
Cherokee,2009,Multi-family,0
Cherokee,2009,Single-family,407
Cherokee,2010,All,549
Cherokee,2010,Multi-family,100
Cherokee,2010,Single-family,449
Cherokee,2011,All,439
Cherokee,2011,Multi-family,0
Cherokee,2011,Single-family,439
Cherokee,2012,All,1213
Cherokee,2012,Multi-family,472
Cherokee,2012,Single-family,741
Cherokee,2013,All,1403
Cherokee,2013,Multi-family,0
Cherokee,2013,Single-family,1403
Cherokee,2014,All,2123
Cherokee,2014,Multi-family,547
Cherokee,2014,Single-family,1576
Cherokee,2015,All,2000
Cherokee,2015,Multi-family,153
Cherokee,2015,Single-family,1847
Cherokee,2016,All,2494
Cherokee,2016,Multi-family,394
Cherokee,2016,Single-family,2100
Cherokee,2017,All,2284
Cherokee,2017,Multi-family,0
Cherokee,2017,Single-family,2284
Cherokee,2018,All,3500
Cherokee,2018,Multi-family,1264
Cherokee,2018,Single-family,2236
Cherokee,2019,All,2438
Cherokee,2019,Multi-family,266
Cherokee,2019,Single-family,2172
Cherokee,2020,All,2394
Cherokee,2020,Multi-family,9
Cherokee,2020,Single-family,2385
Cherokee,2021,All,2754
Cherokee,2021,Multi-family,156
Cherokee,2021,Single-family,2598
Cherokee,2022,All,3021
Cherokee,2022,Multi-family,526
Cherokee,2022,Single-family,2495
Cherokee,2023,All,2226
Cherokee,2023,Multi-family,30
Cherokee,2023,Single-family,2196
Cherokee,2024,All,2665
Cherokee,2024,Multi-family,869
Cherokee,2024,Single-family,1796
Clayton,1980,All,1033
Clayton,1980,Multi-family,0
Clayton,1980,Single-family,1033
Clayton,1981,All,549
Clayton,1981,Multi-family,4
Clayton,1981,Single-family,545
Clayton,1982,All,794
Clayton,1982,Multi-family,92
Clayton,1982,Single-family,702
Clayton,1983,All,1432
Clayton,1983,Multi-family,94
Clayton,1983,Single-family,1338
Clayton,1984,All,2226
Clayton,1984,Multi-family,674
Clayton,1984,Single-family,1552
Clayton,1985,All,2960
Clayton,1985,Multi-family,1437
Clayton,1985,Single-family,1523
Clayton,1986,All,3640
Clayton,1986,Multi-family,1951
Clayton,1986,Single-family,1689
Clayton,1987,All,3302
Clayton,1987,Multi-family,1832
Clayton,1987,Single-family,1470
Clayton,1988,All,2700
Clayton,1988,Multi-family,1194
Clayton,1988,Single-family,1506
Clayton,1989,All,2234
Clayton,1989,Multi-family,1151
Clayton,1989,Single-family,1083
Clayton,1990,All,1400
Clayton,1990,Multi-family,447
Clayton,1990,Single-family,953
Clayton,1991,All,1024
Clayton,1991,Multi-family,78
Clayton,1991,Single-family,946
Clayton,1992,All,1109
Clayton,1992,Multi-family,0
Clayton,1992,Single-family,1109
Clayton,1993,All,1094
Clayton,1993,Multi-family,0
Clayton,1993,Single-family,1094
Clayton,1994,All,1319
Clayton,1994,Multi-family,334
Clayton,1994,Single-family,985
Clayton,1995,All,1066
Clayton,1995,Multi-family,7
Clayton,1995,Single-family,1059
Clayton,1996,All,1341
Clayton,1996,Multi-family,192
Clayton,1996,Single-family,1149
Clayton,1997,All,1511
Clayton,1997,Multi-family,330
Clayton,1997,Single-family,1181
Clayton,1998,All,1656
Clayton,1998,Multi-family,0
Clayton,1998,Single-family,1656
Clayton,1999,All,2261
Clayton,1999,Multi-family,0
Clayton,1999,Single-family,2261
Clayton,2000,All,3347
Clayton,2000,Multi-family,1024
Clayton,2000,Single-family,2323
Clayton,2001,All,3170
Clayton,2001,Multi-family,636
Clayton,2001,Single-family,2534
Clayton,2002,All,3240
Clayton,2002,Multi-family,957
Clayton,2002,Single-family,2283
Clayton,2003,All,2579
Clayton,2003,Multi-family,60
Clayton,2003,Single-family,2519
Clayton,2004,All,3014
Clayton,2004,Multi-family,968
Clayton,2004,Single-family,2046
Clayton,2005,All,2114
Clayton,2005,Multi-family,8
Clayton,2005,Single-family,2106
Clayton,2006,All,2231
Clayton,2006,Multi-family,14
Clayton,2006,Single-family,2217
Clayton,2007,All,1254
Clayton,2007,Multi-family,16
Clayton,2007,Single-family,1238
Clayton,2008,All,403
Clayton,2008,Multi-family,0
Clayton,2008,Single-family,403
Clayton,2009,All,93
Clayton,2009,Multi-family,8
Clayton,2009,Single-family,85
Clayton,2010,All,143
Clayton,2010,Multi-family,0
Clayton,2010,Single-family,143
Clayton,2011,All,106
Clayton,2011,Multi-family,0
Clayton,2011,Single-family,106
Clayton,2012,All,93
Clayton,2012,Multi-family,0
Clayton,2012,Single-family,93
Clayton,2013,All,134
Clayton,2013,Multi-family,0
Clayton,2013,Single-family,134
Clayton,2014,All,340
Clayton,2014,Multi-family,12
Clayton,2014,Single-family,328
Clayton,2015,All,427
Clayton,2015,Multi-family,0
Clayton,2015,Single-family,427
Clayton,2016,All,560
Clayton,2016,Multi-family,0
Clayton,2016,Single-family,560
Clayton,2017,All,411
Clayton,2017,Multi-family,0
Clayton,2017,Single-family,411
Clayton,2018,All,720
Clayton,2018,Multi-family,0
Clayton,2018,Single-family,720
Clayton,2019,All,905
Clayton,2019,Multi-family,70
Clayton,2019,Single-family,835
Clayton,2020,All,954
Clayton,2020,Multi-family,0
Clayton,2020,Single-family,954
Clayton,2021,All,929
Clayton,2021,Multi-family,306
Clayton,2021,Single-family,623
Clayton,2022,All,368
Clayton,2022,Multi-family,2
Clayton,2022,Single-family,366
Clayton,2023,All,348
Clayton,2023,Multi-family,25
Clayton,2023,Single-family,323
Clayton,2024,All,865
Clayton,2024,Multi-family,460
Clayton,2024,Single-family,405
Cobb,1980,All,5576
Cobb,1980,Multi-family,1814
Cobb,1980,Single-family,3762
Cobb,1981,All,4713
Cobb,1981,Multi-family,1830
Cobb,1981,Single-family,2883
Cobb,1982,All,6034
Cobb,1982,Multi-family,1219
Cobb,1982,Single-family,4815
Cobb,1983,All,12404
Cobb,1983,Multi-family,5351
Cobb,1983,Single-family,7053
Cobb,1984,All,11515
Cobb,1984,Multi-family,4014
Cobb,1984,Single-family,7501
Cobb,1985,All,10685
Cobb,1985,Multi-family,3443
Cobb,1985,Single-family,7242
Cobb,1986,All,10825
Cobb,1986,Multi-family,3410
Cobb,1986,Single-family,7415
Cobb,1987,All,9278
Cobb,1987,Multi-family,3401
Cobb,1987,Single-family,5877
Cobb,1988,All,5695
Cobb,1988,Multi-family,1276
Cobb,1988,Single-family,4419
Cobb,1989,All,4317
Cobb,1989,Multi-family,1287
Cobb,1989,Single-family,3030
Cobb,1990,All,2845
Cobb,1990,Multi-family,274
Cobb,1990,Single-family,2571
Cobb,1991,All,3148
Cobb,1991,Multi-family,100
Cobb,1991,Single-family,3048
Cobb,1992,All,3809
Cobb,1992,Multi-family,2
Cobb,1992,Single-family,3807
Cobb,1993,All,4966
Cobb,1993,Multi-family,480
Cobb,1993,Single-family,4486
Cobb,1994,All,5284
Cobb,1994,Multi-family,799
Cobb,1994,Single-family,4485
Cobb,1995,All,8251
Cobb,1995,Multi-family,3140
Cobb,1995,Single-family,5111
Cobb,1996,All,6268
Cobb,1996,Multi-family,1121
Cobb,1996,Single-family,5147
Cobb,1997,All,7081
Cobb,1997,Multi-family,1767
Cobb,1997,Single-family,5314
Cobb,1998,All,8374
Cobb,1998,Multi-family,1663
Cobb,1998,Single-family,6711
Cobb,1999,All,8008
Cobb,1999,Multi-family,865
Cobb,1999,Single-family,7143
Cobb,2000,All,6642
Cobb,2000,Multi-family,1187
Cobb,2000,Single-family,5455
Cobb,2001,All,5657
Cobb,2001,Multi-family,1144
Cobb,2001,Single-family,4513
Cobb,2002,All,5556
Cobb,2002,Multi-family,853
Cobb,2002,Single-family,4703
Cobb,2003,All,5963
Cobb,2003,Multi-family,970
Cobb,2003,Single-family,4993
Cobb,2004,All,6889
Cobb,2004,Multi-family,1457
Cobb,2004,Single-family,5432
Cobb,2005,All,6142
Cobb,2005,Multi-family,1019
Cobb,2005,Single-family,5123
Cobb,2006,All,4518
Cobb,2006,Multi-family,1172
Cobb,2006,Single-family,3346
Cobb,2007,All,2945
Cobb,2007,Multi-family,1044
Cobb,2007,Single-family,1901
Cobb,2008,All,1068
Cobb,2008,Multi-family,341
Cobb,2008,Single-family,727
Cobb,2009,All,550
Cobb,2009,Multi-family,141
Cobb,2009,Single-family,409
Cobb,2010,All,1013
Cobb,2010,Multi-family,300
Cobb,2010,Single-family,713
Cobb,2011,All,1758
Cobb,2011,Multi-family,872
Cobb,2011,Single-family,886
Cobb,2012,All,2245
Cobb,2012,Multi-family,1052
Cobb,2012,Single-family,1193
Cobb,2013,All,2676
Cobb,2013,Multi-family,1082
Cobb,2013,Single-family,1594
Cobb,2014,All,3103
Cobb,2014,Multi-family,1712
Cobb,2014,Single-family,1391
Cobb,2015,All,2129
Cobb,2015,Multi-family,652
Cobb,2015,Single-family,1477
Cobb,2016,All,4017
Cobb,2016,Multi-family,2363
Cobb,2016,Single-family,1654
Cobb,2017,All,2629
Cobb,2017,Multi-family,1065
Cobb,2017,Single-family,1564
Cobb,2018,All,2790
Cobb,2018,Multi-family,1117
Cobb,2018,Single-family,1673
Cobb,2019,All,3589
Cobb,2019,Multi-family,2008
Cobb,2019,Single-family,1581
Cobb,2020,All,2494
Cobb,2020,Multi-family,683
Cobb,2020,Single-family,1811
Cobb,2021,All,3247
Cobb,2021,Multi-family,1300
Cobb,2021,Single-family,1947
Cobb,2022,All,2873
Cobb,2022,Multi-family,1502
Cobb,2022,Single-family,1371
Cobb,2023,All,2956
Cobb,2023,Multi-family,1804
Cobb,2023,Single-family,1152
Cobb,2024,All,1625
Cobb,2024,Multi-family,461
Cobb,2024,Single-family,1164
DeKalb,1980,All,2660
DeKalb,1980,Multi-family,959
DeKalb,1980,Single-family,1701
DeKalb,1981,All,1937
DeKalb,1981,Multi-family,418
DeKalb,1981,Single-family,1519
DeKalb,1982,All,3301
DeKalb,1982,Multi-family,999
DeKalb,1982,Single-family,2302
DeKalb,1983,All,7747
DeKalb,1983,Multi-family,3865
DeKalb,1983,Single-family,3882
DeKalb,1984,All,6468
DeKalb,1984,Multi-family,2734
DeKalb,1984,Single-family,3734
DeKalb,1985,All,7089
DeKalb,1985,Multi-family,2974
DeKalb,1985,Single-family,4115
DeKalb,1986,All,6896
DeKalb,1986,Multi-family,2613
DeKalb,1986,Single-family,4283
DeKalb,1987,All,6057
DeKalb,1987,Multi-family,3008
DeKalb,1987,Single-family,3049
DeKalb,1988,All,8487
DeKalb,1988,Multi-family,4970
DeKalb,1988,Single-family,3517
DeKalb,1989,All,5000
DeKalb,1989,Multi-family,2576
DeKalb,1989,Single-family,2424
DeKalb,1990,All,3646
DeKalb,1990,Multi-family,1282
DeKalb,1990,Single-family,2364
DeKalb,1991,All,2279
DeKalb,1991,Multi-family,567
DeKalb,1991,Single-family,1712
DeKalb,1992,All,2517
DeKalb,1992,Multi-family,283
DeKalb,1992,Single-family,2234
DeKalb,1993,All,2501
DeKalb,1993,Multi-family,444
DeKalb,1993,Single-family,2057
DeKalb,1994,All,3326
DeKalb,1994,Multi-family,1356
DeKalb,1994,Single-family,1970
DeKalb,1995,All,2715
DeKalb,1995,Multi-family,896
DeKalb,1995,Single-family,1819
DeKalb,1996,All,3727
DeKalb,1996,Multi-family,1372
DeKalb,1996,Single-family,2355
DeKalb,1997,All,4763
DeKalb,1997,Multi-family,2065
DeKalb,1997,Single-family,2698
DeKalb,1998,All,5190
DeKalb,1998,Multi-family,1295
DeKalb,1998,Single-family,3895
DeKalb,1999,All,6851
DeKalb,1999,Multi-family,2475
DeKalb,1999,Single-family,4376
DeKalb,2000,All,6145
DeKalb,2000,Multi-family,1879
DeKalb,2000,Single-family,4266
DeKalb,2001,All,7575
DeKalb,2001,Multi-family,2856
DeKalb,2001,Single-family,4719
DeKalb,2002,All,7237
DeKalb,2002,Multi-family,3103
DeKalb,2002,Single-family,4134
DeKalb,2003,All,5106
DeKalb,2003,Multi-family,1175
DeKalb,2003,Single-family,3931
DeKalb,2004,All,6719
DeKalb,2004,Multi-family,2958
DeKalb,2004,Single-family,3761
DeKalb,2005,All,6336
DeKalb,2005,Multi-family,2989
DeKalb,2005,Single-family,3347
DeKalb,2006,All,4346
DeKalb,2006,Multi-family,1479
DeKalb,2006,Single-family,2867
DeKalb,2007,All,4912
DeKalb,2007,Multi-family,2790
DeKalb,2007,Single-family,2122
DeKalb,2008,All,3821
DeKalb,2008,Multi-family,3053
DeKalb,2008,Single-family,768
DeKalb,2009,All,323
DeKalb,2009,Multi-family,28
DeKalb,2009,Single-family,295
DeKalb,2010,All,432
DeKalb,2010,Multi-family,78
DeKalb,2010,Single-family,354
DeKalb,2011,All,580
DeKalb,2011,Multi-family,285
DeKalb,2011,Single-family,295
DeKalb,2012,All,673
DeKalb,2012,Multi-family,465
DeKalb,2012,Single-family,208
DeKalb,2013,All,1212
DeKalb,2013,Multi-family,876
DeKalb,2013,Single-family,336
DeKalb,2014,All,1231
DeKalb,2014,Multi-family,746
DeKalb,2014,Single-family,485
DeKalb,2015,All,2167
DeKalb,2015,Multi-family,1267
DeKalb,2015,Single-family,900
DeKalb,2016,All,2319
DeKalb,2016,Multi-family,894
DeKalb,2016,Single-family,1425
DeKalb,2017,All,3379
DeKalb,2017,Multi-family,1583
DeKalb,2017,Single-family,1796
DeKalb,2018,All,3673
DeKalb,2018,Multi-family,2223
DeKalb,2018,Single-family,1450
DeKalb,2019,All,2022
DeKalb,2019,Multi-family,29
DeKalb,2019,Single-family,1993
DeKalb,2020,All,2225
DeKalb,2020,Multi-family,347
DeKalb,2020,Single-family,1878
DeKalb,2021,All,2862
DeKalb,2021,Multi-family,973
DeKalb,2021,Single-family,1889
DeKalb,2022,All,2468
DeKalb,2022,Multi-family,1330
DeKalb,2022,Single-family,1138
DeKalb,2023,All,2276
DeKalb,2023,Multi-family,1565
DeKalb,2023,Single-family,711
DeKalb,2024,All,1240
DeKalb,2024,Multi-family,385
DeKalb,2024,Single-family,855
Douglas,1980,All,455
Douglas,1980,Multi-family,6
Douglas,1980,Single-family,449
Douglas,1981,All,268
Douglas,1981,Multi-family,6
Douglas,1981,Single-family,262
Douglas,1982,All,387
Douglas,1982,Multi-family,12
Douglas,1982,Single-family,375
Douglas,1983,All,882
Douglas,1983,Multi-family,12
Douglas,1983,Single-family,870
Douglas,1984,All,870
Douglas,1984,Multi-family,215
Douglas,1984,Single-family,655
Douglas,1985,All,1132
Douglas,1985,Multi-family,317
Douglas,1985,Single-family,815
Douglas,1986,All,1381
Douglas,1986,Multi-family,384
Douglas,1986,Single-family,997
Douglas,1987,All,1352
Douglas,1987,Multi-family,348
Douglas,1987,Single-family,1004
Douglas,1988,All,1487
Douglas,1988,Multi-family,630
Douglas,1988,Single-family,857
Douglas,1989,All,1663
Douglas,1989,Multi-family,1098
Douglas,1989,Single-family,565
Douglas,1990,All,559
Douglas,1990,Multi-family,4
Douglas,1990,Single-family,555
Douglas,1991,All,960
Douglas,1991,Multi-family,367
Douglas,1991,Single-family,593
Douglas,1992,All,710
Douglas,1992,Multi-family,34
Douglas,1992,Single-family,676
Douglas,1993,All,786
Douglas,1993,Multi-family,4
Douglas,1993,Single-family,782
Douglas,1994,All,776
Douglas,1994,Multi-family,100
Douglas,1994,Single-family,676
Douglas,1995,All,682
Douglas,1995,Multi-family,0
Douglas,1995,Single-family,682
Douglas,1996,All,1435
Douglas,1996,Multi-family,680
Douglas,1996,Single-family,755
Douglas,1997,All,759
Douglas,1997,Multi-family,2
Douglas,1997,Single-family,757
Douglas,1998,All,929
Douglas,1998,Multi-family,174
Douglas,1998,Single-family,755
Douglas,1999,All,1306
Douglas,1999,Multi-family,448
Douglas,1999,Single-family,858
Douglas,2000,All,901
Douglas,2000,Multi-family,11
Douglas,2000,Single-family,890
Douglas,2001,All,1342
Douglas,2001,Multi-family,240
Douglas,2001,Single-family,1102
Douglas,2002,All,3059
Douglas,2002,Multi-family,1400
Douglas,2002,Single-family,1659
Douglas,2003,All,2145
Douglas,2003,Multi-family,14
Douglas,2003,Single-family,2131
Douglas,2004,All,1874
Douglas,2004,Multi-family,60
Douglas,2004,Single-family,1814
Douglas,2005,All,1915
Douglas,2005,Multi-family,0
Douglas,2005,Single-family,1915
Douglas,2006,All,1863
Douglas,2006,Multi-family,0
Douglas,2006,Single-family,1863
Douglas,2007,All,916
Douglas,2007,Multi-family,4
Douglas,2007,Single-family,912
Douglas,2008,All,584
Douglas,2008,Multi-family,306
Douglas,2008,Single-family,278
Douglas,2009,All,141
Douglas,2009,Multi-family,0
Douglas,2009,Single-family,141
Douglas,2010,All,72
Douglas,2010,Multi-family,0
Douglas,2010,Single-family,72
Douglas,2011,All,54
Douglas,2011,Multi-family,0
Douglas,2011,Single-family,54
Douglas,2012,All,139
Douglas,2012,Multi-family,0
Douglas,2012,Single-family,139
Douglas,2013,All,207
Douglas,2013,Multi-family,0
Douglas,2013,Single-family,207
Douglas,2014,All,224
Douglas,2014,Multi-family,0
Douglas,2014,Single-family,224
Douglas,2015,All,249
Douglas,2015,Multi-family,0
Douglas,2015,Single-family,249
Douglas,2016,All,382
Douglas,2016,Multi-family,0
Douglas,2016,Single-family,382
Douglas,2017,All,380
Douglas,2017,Multi-family,26
Douglas,2017,Single-family,354
Douglas,2018,All,399
Douglas,2018,Multi-family,0
Douglas,2018,Single-family,399
Douglas,2019,All,449
Douglas,2019,Multi-family,0
Douglas,2019,Single-family,449
Douglas,2020,All,747
Douglas,2020,Multi-family,240
Douglas,2020,Single-family,507
Douglas,2021,All,1639
Douglas,2021,Multi-family,1024
Douglas,2021,Single-family,615
Douglas,2022,All,665
Douglas,2022,Multi-family,291
Douglas,2022,Single-family,374
Douglas,2023,All,1024
Douglas,2023,Multi-family,484
Douglas,2023,Single-family,540
Douglas,2024,All,595
Douglas,2024,Multi-family,72
Douglas,2024,Single-family,523
Fayette,1980,All,716
Fayette,1980,Multi-family,24
Fayette,1980,Single-family,692
Fayette,1981,All,560
Fayette,1981,Multi-family,57
Fayette,1981,Single-family,503
Fayette,1982,All,690
Fayette,1982,Multi-family,86
Fayette,1982,Single-family,604
Fayette,1983,All,1308
Fayette,1983,Multi-family,239
Fayette,1983,Single-family,1069
Fayette,1984,All,1223
Fayette,1984,Multi-family,68
Fayette,1984,Single-family,1155
Fayette,1985,All,1367
Fayette,1985,Multi-family,16
Fayette,1985,Single-family,1351
Fayette,1986,All,1522
Fayette,1986,Multi-family,103
Fayette,1986,Single-family,1419
Fayette,1987,All,1716
Fayette,1987,Multi-family,6
Fayette,1987,Single-family,1710
Fayette,1988,All,1848
Fayette,1988,Multi-family,453
Fayette,1988,Single-family,1395
Fayette,1989,All,1321
Fayette,1989,Multi-family,372
Fayette,1989,Single-family,949
Fayette,1990,All,817
Fayette,1990,Multi-family,4
Fayette,1990,Single-family,813
Fayette,1991,All,853
Fayette,1991,Multi-family,2
Fayette,1991,Single-family,851
Fayette,1992,All,1060
Fayette,1992,Multi-family,184
Fayette,1992,Single-family,876
Fayette,1993,All,1247
Fayette,1993,Multi-family,196
Fayette,1993,Single-family,1051
Fayette,1994,All,1155
Fayette,1994,Multi-family,56
Fayette,1994,Single-family,1099
Fayette,1995,All,1156
Fayette,1995,Multi-family,18
Fayette,1995,Single-family,1138
Fayette,1996,All,1625
Fayette,1996,Multi-family,356
Fayette,1996,Single-family,1269
Fayette,1997,All,1200
Fayette,1997,Multi-family,74
Fayette,1997,Single-family,1126
Fayette,1998,All,1295
Fayette,1998,Multi-family,30
Fayette,1998,Single-family,1265
Fayette,1999,All,1250
Fayette,1999,Multi-family,28
Fayette,1999,Single-family,1222
Fayette,2000,All,938
Fayette,2000,Multi-family,0
Fayette,2000,Single-family,938
Fayette,2001,All,1001
Fayette,2001,Multi-family,85
Fayette,2001,Single-family,916
Fayette,2002,All,921
Fayette,2002,Multi-family,6
Fayette,2002,Single-family,915
Fayette,2003,All,907
Fayette,2003,Multi-family,0
Fayette,2003,Single-family,907
Fayette,2004,All,955
Fayette,2004,Multi-family,7
Fayette,2004,Single-family,948
Fayette,2005,All,911
Fayette,2005,Multi-family,5
Fayette,2005,Single-family,906
Fayette,2006,All,651
Fayette,2006,Multi-family,0
Fayette,2006,Single-family,651
Fayette,2007,All,500
Fayette,2007,Multi-family,145
Fayette,2007,Single-family,355
Fayette,2008,All,147
Fayette,2008,Multi-family,5
Fayette,2008,Single-family,142
Fayette,2009,All,75
Fayette,2009,Multi-family,0
Fayette,2009,Single-family,75
Fayette,2010,All,82
Fayette,2010,Multi-family,0
Fayette,2010,Single-family,82
Fayette,2011,All,70
Fayette,2011,Multi-family,0
Fayette,2011,Single-family,70
Fayette,2012,All,192
Fayette,2012,Multi-family,8
Fayette,2012,Single-family,184
Fayette,2013,All,390
Fayette,2013,Multi-family,0
Fayette,2013,Single-family,390
Fayette,2014,All,314
Fayette,2014,Multi-family,0
Fayette,2014,Single-family,314
Fayette,2015,All,546
Fayette,2015,Multi-family,210
Fayette,2015,Single-family,336
Fayette,2016,All,437
Fayette,2016,Multi-family,80
Fayette,2016,Single-family,357
Fayette,2017,All,594
Fayette,2017,Multi-family,4
Fayette,2017,Single-family,590
Fayette,2018,All,543
Fayette,2018,Multi-family,8
Fayette,2018,Single-family,535
Fayette,2019,All,478
Fayette,2019,Multi-family,2
Fayette,2019,Single-family,476
Fayette,2020,All,564
Fayette,2020,Multi-family,17
Fayette,2020,Single-family,547
Fayette,2021,All,762
Fayette,2021,Multi-family,25
Fayette,2021,Single-family,737
Fayette,2022,All,575
Fayette,2022,Multi-family,0
Fayette,2022,Single-family,575
Fayette,2023,All,354
Fayette,2023,Multi-family,0
Fayette,2023,Single-family,354
Fayette,2024,All,323
Fayette,2024,Multi-family,0
Fayette,2024,Single-family,323
Forsyth,1980,All,340
Forsyth,1980,Multi-family,24
Forsyth,1980,Single-family,316
Forsyth,1981,All,314
Forsyth,1981,Multi-family,14
Forsyth,1981,Single-family,300
Forsyth,1982,All,309
Forsyth,1982,Multi-family,32
Forsyth,1982,Single-family,277
Forsyth,1983,All,477
Forsyth,1983,Multi-family,14
Forsyth,1983,Single-family,463
Forsyth,1984,All,667
Forsyth,1984,Multi-family,58
Forsyth,1984,Single-family,609
Forsyth,1985,All,808
Forsyth,1985,Multi-family,90
Forsyth,1985,Single-family,718
Forsyth,1986,All,902
Forsyth,1986,Multi-family,120
Forsyth,1986,Single-family,782
Forsyth,1987,All,751
Forsyth,1987,Multi-family,16
Forsyth,1987,Single-family,735
Forsyth,1988,All,820
Forsyth,1988,Multi-family,4
Forsyth,1988,Single-family,816
Forsyth,1989,All,770
Forsyth,1989,Multi-family,22
Forsyth,1989,Single-family,748
Forsyth,1990,All,678
Forsyth,1990,Multi-family,0
Forsyth,1990,Single-family,678
Forsyth,1991,All,647
Forsyth,1991,Multi-family,0
Forsyth,1991,Single-family,647
Forsyth,1992,All,1065
Forsyth,1992,Multi-family,0
Forsyth,1992,Single-family,1065
Forsyth,1993,All,1844
Forsyth,1993,Multi-family,0
Forsyth,1993,Single-family,1844
Forsyth,1994,All,2107
Forsyth,1994,Multi-family,0
Forsyth,1994,Single-family,2107
Forsyth,1995,All,2803
Forsyth,1995,Multi-family,0
Forsyth,1995,Single-family,2803
Forsyth,1996,All,2967
Forsyth,1996,Multi-family,15
Forsyth,1996,Single-family,2952
Forsyth,1997,All,2849
Forsyth,1997,Multi-family,10
Forsyth,1997,Single-family,2839
Forsyth,1998,All,2765
Forsyth,1998,Multi-family,12
Forsyth,1998,Single-family,2753
Forsyth,1999,All,2929
Forsyth,1999,Multi-family,72
Forsyth,1999,Single-family,2857
Forsyth,2000,All,3389
Forsyth,2000,Multi-family,208
Forsyth,2000,Single-family,3181
Forsyth,2001,All,2539
Forsyth,2001,Multi-family,0
Forsyth,2001,Single-family,2539
Forsyth,2002,All,2448
Forsyth,2002,Multi-family,0
Forsyth,2002,Single-family,2448
Forsyth,2003,All,3147
Forsyth,2003,Multi-family,64
Forsyth,2003,Single-family,3083
Forsyth,2004,All,3085
Forsyth,2004,Multi-family,142
Forsyth,2004,Single-family,2943
Forsyth,2005,All,4173
Forsyth,2005,Multi-family,8
Forsyth,2005,Single-family,4165
Forsyth,2006,All,4770
Forsyth,2006,Multi-family,587
Forsyth,2006,Single-family,4183
Forsyth,2007,All,2877
Forsyth,2007,Multi-family,0
Forsyth,2007,Single-family,2877
Forsyth,2008,All,1478
Forsyth,2008,Multi-family,219
Forsyth,2008,Single-family,1259
Forsyth,2009,All,825
Forsyth,2009,Multi-family,0
Forsyth,2009,Single-family,825
Forsyth,2010,All,1125
Forsyth,2010,Multi-family,0
Forsyth,2010,Single-family,1125
Forsyth,2011,All,1174
Forsyth,2011,Multi-family,0
Forsyth,2011,Single-family,1174
Forsyth,2012,All,2273
Forsyth,2012,Multi-family,411
Forsyth,2012,Single-family,1862
Forsyth,2013,All,2775
Forsyth,2013,Multi-family,215
Forsyth,2013,Single-family,2560
Forsyth,2014,All,3194
Forsyth,2014,Multi-family,618
Forsyth,2014,Single-family,2576
Forsyth,2015,All,3502
Forsyth,2015,Multi-family,518
Forsyth,2015,Single-family,2984
Forsyth,2016,All,3515
Forsyth,2016,Multi-family,774
Forsyth,2016,Single-family,2741
Forsyth,2017,All,2982
Forsyth,2017,Multi-family,434
Forsyth,2017,Single-family,2548
Forsyth,2018,All,3650
Forsyth,2018,Multi-family,1261
Forsyth,2018,Single-family,2389
Forsyth,2019,All,1851
Forsyth,2019,Multi-family,0
Forsyth,2019,Single-family,1851
Forsyth,2020,All,2485
Forsyth,2020,Multi-family,0
Forsyth,2020,Single-family,2485
Forsyth,2021,All,2359
Forsyth,2021,Multi-family,54
Forsyth,2021,Single-family,2305
Forsyth,2022,All,2601
Forsyth,2022,Multi-family,1247
Forsyth,2022,Single-family,1354
Forsyth,2023,All,1371
Forsyth,2023,Multi-family,250
Forsyth,2023,Single-family,1121
Forsyth,2024,All,2525
Forsyth,2024,Multi-family,833
Forsyth,2024,Single-family,1692
Fulton,1980,All,3760
Fulton,1980,Multi-family,1729
Fulton,1980,Single-family,2031
Fulton,1981,All,3774
Fulton,1981,Multi-family,1718
Fulton,1981,Single-family,2056
Fulton,1982,All,4822
Fulton,1982,Multi-family,2576
Fulton,1982,Single-family,2246
Fulton,1983,All,7397
Fulton,1983,Multi-family,2651
Fulton,1983,Single-family,4746
Fulton,1984,All,8548
Fulton,1984,Multi-family,4221
Fulton,1984,Single-family,4327
Fulton,1985,All,7658
Fulton,1985,Multi-family,3765
Fulton,1985,Single-family,3893
Fulton,1986,All,9134
Fulton,1986,Multi-family,4974
Fulton,1986,Single-family,4160
Fulton,1987,All,7088
Fulton,1987,Multi-family,3005
Fulton,1987,Single-family,4083
Fulton,1988,All,8742
Fulton,1988,Multi-family,4868
Fulton,1988,Single-family,3874
Fulton,1989,All,7225
Fulton,1989,Multi-family,3968
Fulton,1989,Single-family,3257
Fulton,1990,All,6192
Fulton,1990,Multi-family,3018
Fulton,1990,Single-family,3174
Fulton,1991,All,3836
Fulton,1991,Multi-family,444
Fulton,1991,Single-family,3392
Fulton,1992,All,3914
Fulton,1992,Multi-family,171
Fulton,1992,Single-family,3743
Fulton,1993,All,5107
Fulton,1993,Multi-family,970
Fulton,1993,Single-family,4137
Fulton,1994,All,7805
Fulton,1994,Multi-family,3825
Fulton,1994,Single-family,3980
Fulton,1995,All,8916
Fulton,1995,Multi-family,5115
Fulton,1995,Single-family,3801
Fulton,1996,All,8124
Fulton,1996,Multi-family,4470
Fulton,1996,Single-family,3654
Fulton,1997,All,8104
Fulton,1997,Multi-family,3669
Fulton,1997,Single-family,4435
Fulton,1998,All,8098
Fulton,1998,Multi-family,3087
Fulton,1998,Single-family,5011
Fulton,1999,All,9157
Fulton,1999,Multi-family,4366
Fulton,1999,Single-family,4791
Fulton,2000,All,9621
Fulton,2000,Multi-family,6175
Fulton,2000,Single-family,3446
Fulton,2001,All,10855
Fulton,2001,Multi-family,6836
Fulton,2001,Single-family,4019
Fulton,2002,All,10824
Fulton,2002,Multi-family,6915
Fulton,2002,Single-family,3909
Fulton,2003,All,12296
Fulton,2003,Multi-family,6282
Fulton,2003,Single-family,6014
Fulton,2004,All,16919
Fulton,2004,Multi-family,8911
Fulton,2004,Single-family,8008
Fulton,2005,All,16114
Fulton,2005,Multi-family,6533
Fulton,2005,Single-family,9581
Fulton,2006,All,18644
Fulton,2006,Multi-family,9153
Fulton,2006,Single-family,9491
Fulton,2007,All,12863
Fulton,2007,Multi-family,8311
Fulton,2007,Single-family,4552
Fulton,2008,All,4667
Fulton,2008,Multi-family,2456
Fulton,2008,Single-family,2211
Fulton,2009,All,1529
Fulton,2009,Multi-family,754
Fulton,2009,Single-family,775
Fulton,2010,All,1101
Fulton,2010,Multi-family,318
Fulton,2010,Single-family,783
Fulton,2011,All,1954
Fulton,2011,Multi-family,993
Fulton,2011,Single-family,961
Fulton,2012,All,3432
Fulton,2012,Multi-family,1764
Fulton,2012,Single-family,1668
Fulton,2013,All,8258
Fulton,2013,Multi-family,6137
Fulton,2013,Single-family,2121
Fulton,2014,All,8098
Fulton,2014,Multi-family,5693
Fulton,2014,Single-family,2405
Fulton,2015,All,9705
Fulton,2015,Multi-family,6689
Fulton,2015,Single-family,3016
Fulton,2016,All,11411
Fulton,2016,Multi-family,8130
Fulton,2016,Single-family,3281
Fulton,2017,All,9024
Fulton,2017,Multi-family,5258
Fulton,2017,Single-family,3766
Fulton,2018,All,10051
Fulton,2018,Multi-family,5657
Fulton,2018,Single-family,4394
Fulton,2019,All,6396
Fulton,2019,Multi-family,2579
Fulton,2019,Single-family,3817
Fulton,2020,All,4289
Fulton,2020,Multi-family,1455
Fulton,2020,Single-family,2834
Fulton,2021,All,5170
Fulton,2021,Multi-family,1657
Fulton,2021,Single-family,3513
Fulton,2022,All,14577
Fulton,2022,Multi-family,10625
Fulton,2022,Single-family,3952
Fulton,2023,All,10101
Fulton,2023,Multi-family,7196
Fulton,2023,Single-family,2905
Fulton,2024,All,11565
Fulton,2024,Multi-family,8640
Fulton,2024,Single-family,2925
Fulton less Atlanta,1980,All,2475
Fulton less Atlanta,1980,Multi-family,808
Fulton less Atlanta,1980,Single-family,1667
Fulton less Atlanta,1981,All,3106
Fulton less Atlanta,1981,Multi-family,1686
Fulton less Atlanta,1981,Single-family,1420
Fulton less Atlanta,1982,All,3104
Fulton less Atlanta,1982,Multi-family,1201
Fulton less Atlanta,1982,Single-family,1903
Fulton less Atlanta,1983,All,6294
Fulton less Atlanta,1983,Multi-family,2379
Fulton less Atlanta,1983,Single-family,3915
Fulton less Atlanta,1984,All,7357
Fulton less Atlanta,1984,Multi-family,3355
Fulton less Atlanta,1984,Single-family,4002
Fulton less Atlanta,1985,All,6802
Fulton less Atlanta,1985,Multi-family,3190
Fulton less Atlanta,1985,Single-family,3612
Fulton less Atlanta,1986,All,6788
Fulton less Atlanta,1986,Multi-family,2999
Fulton less Atlanta,1986,Single-family,3789
Fulton less Atlanta,1987,All,5691
Fulton less Atlanta,1987,Multi-family,1959
Fulton less Atlanta,1987,Single-family,3732
Fulton less Atlanta,1988,All,5144
Fulton less Atlanta,1988,Multi-family,1820
Fulton less Atlanta,1988,Single-family,3324
Fulton less Atlanta,1989,All,5121
Fulton less Atlanta,1989,Multi-family,2302
Fulton less Atlanta,1989,Single-family,2819
Fulton less Atlanta,1990,All,3667
Fulton less Atlanta,1990,Multi-family,918
Fulton less Atlanta,1990,Single-family,2749
Fulton less Atlanta,1991,All,3096
Fulton less Atlanta,1991,Multi-family,0
Fulton less Atlanta,1991,Single-family,3096
Fulton less Atlanta,1992,All,3284
Fulton less Atlanta,1992,Multi-family,6
Fulton less Atlanta,1992,Single-family,3278
Fulton less Atlanta,1993,All,4228
Fulton less Atlanta,1993,Multi-family,416
Fulton less Atlanta,1993,Single-family,3812
Fulton less Atlanta,1994,All,6714
Fulton less Atlanta,1994,Multi-family,3058
Fulton less Atlanta,1994,Single-family,3656
Fulton less Atlanta,1995,All,7463
Fulton less Atlanta,1995,Multi-family,4023
Fulton less Atlanta,1995,Single-family,3440
Fulton less Atlanta,1996,All,4908
Fulton less Atlanta,1996,Multi-family,1631
Fulton less Atlanta,1996,Single-family,3277
Fulton less Atlanta,1997,All,6400
Fulton less Atlanta,1997,Multi-family,2273
Fulton less Atlanta,1997,Single-family,4127
Fulton less Atlanta,1998,All,5826
Fulton less Atlanta,1998,Multi-family,1264
Fulton less Atlanta,1998,Single-family,4562
Fulton less Atlanta,1999,All,5269
Fulton less Atlanta,1999,Multi-family,1238
Fulton less Atlanta,1999,Single-family,4031
Fulton less Atlanta,2000,All,3802
Fulton less Atlanta,2000,Multi-family,1159
Fulton less Atlanta,2000,Single-family,2643
Fulton less Atlanta,2001,All,4061
Fulton less Atlanta,2001,Multi-family,823
Fulton less Atlanta,2001,Single-family,3238
Fulton less Atlanta,2002,All,4175
Fulton less Atlanta,2002,Multi-family,1025
Fulton less Atlanta,2002,Single-family,3150
Fulton less Atlanta,2003,All,5403
Fulton less Atlanta,2003,Multi-family,369
Fulton less Atlanta,2003,Single-family,5034
Fulton less Atlanta,2004,All,7193
Fulton less Atlanta,2004,Multi-family,541
Fulton less Atlanta,2004,Single-family,6652
Fulton less Atlanta,2005,All,8140
Fulton less Atlanta,2005,Multi-family,123
Fulton less Atlanta,2005,Single-family,8017
Fulton less Atlanta,2006,All,7865
Fulton less Atlanta,2006,Multi-family,216
Fulton less Atlanta,2006,Single-family,7649
Fulton less Atlanta,2007,All,3566
Fulton less Atlanta,2007,Multi-family,261
Fulton less Atlanta,2007,Single-family,3305
Fulton less Atlanta,2008,All,2297
Fulton less Atlanta,2008,Multi-family,588
Fulton less Atlanta,2008,Single-family,1709
Fulton less Atlanta,2009,All,610
Fulton less Atlanta,2009,Multi-family,4
Fulton less Atlanta,2009,Single-family,606
Fulton less Atlanta,2010,All,822
Fulton less Atlanta,2010,Multi-family,122
Fulton less Atlanta,2010,Single-family,700
Fulton less Atlanta,2011,All,1217
Fulton less Atlanta,2011,Multi-family,483
Fulton less Atlanta,2011,Single-family,734
Fulton less Atlanta,2012,All,1309
Fulton less Atlanta,2012,Multi-family,0
Fulton less Atlanta,2012,Single-family,1309
Fulton less Atlanta,2013,All,2715
Fulton less Atlanta,2013,Multi-family,1067
Fulton less Atlanta,2013,Single-family,1648
Fulton less Atlanta,2014,All,3593
Fulton less Atlanta,2014,Multi-family,1733
Fulton less Atlanta,2014,Single-family,1860
Fulton less Atlanta,2015,All,3008
Fulton less Atlanta,2015,Multi-family,752
Fulton less Atlanta,2015,Single-family,2256
Fulton less Atlanta,2016,All,3380
Fulton less Atlanta,2016,Multi-family,954
Fulton less Atlanta,2016,Single-family,2426
Fulton less Atlanta,2017,All,3923
Fulton less Atlanta,2017,Multi-family,1079
Fulton less Atlanta,2017,Single-family,2844
Fulton less Atlanta,2018,All,3555
Fulton less Atlanta,2018,Multi-family,345
Fulton less Atlanta,2018,Single-family,3210
Fulton less Atlanta,2019,All,3113
Fulton less Atlanta,2019,Multi-family,24
Fulton less Atlanta,2019,Single-family,3089
Fulton less Atlanta,2020,All,2615
Fulton less Atlanta,2020,Multi-family,154
Fulton less Atlanta,2020,Single-family,2461
Fulton less Atlanta,2021,All,2757
Fulton less Atlanta,2021,Multi-family,99
Fulton less Atlanta,2021,Single-family,2658
Fulton less Atlanta,2022,All,2724
Fulton less Atlanta,2022,Multi-family,547
Fulton less Atlanta,2022,Single-family,2177
Fulton less Atlanta,2023,All,2480
Fulton less Atlanta,2023,Multi-family,714
Fulton less Atlanta,2023,Single-family,1766
Fulton less Atlanta,2024,All,3456
Fulton less Atlanta,2024,Multi-family,1322
Fulton less Atlanta,2024,Single-family,2134
Gwinnett,1980,All,5032
Gwinnett,1980,Multi-family,1064
Gwinnett,1980,Single-family,3968
Gwinnett,1981,All,4446
Gwinnett,1981,Multi-family,1583
Gwinnett,1981,Single-family,2863
Gwinnett,1982,All,5427
Gwinnett,1982,Multi-family,1595
Gwinnett,1982,Single-family,3832
Gwinnett,1983,All,9800
Gwinnett,1983,Multi-family,3198
Gwinnett,1983,Single-family,6602
Gwinnett,1984,All,12908
Gwinnett,1984,Multi-family,5734
Gwinnett,1984,Single-family,7174
Gwinnett,1985,All,11904
Gwinnett,1985,Multi-family,4509
Gwinnett,1985,Single-family,7395
Gwinnett,1986,All,10008
Gwinnett,1986,Multi-family,3476
Gwinnett,1986,Single-family,6532
Gwinnett,1987,All,6193
Gwinnett,1987,Multi-family,520
Gwinnett,1987,Single-family,5673
Gwinnett,1988,All,5962
Gwinnett,1988,Multi-family,1276
Gwinnett,1988,Single-family,4686
Gwinnett,1989,All,3740
Gwinnett,1989,Multi-family,167
Gwinnett,1989,Single-family,3573
Gwinnett,1990,All,4022
Gwinnett,1990,Multi-family,534
Gwinnett,1990,Single-family,3488
Gwinnett,1991,All,4391
Gwinnett,1991,Multi-family,216
Gwinnett,1991,Single-family,4175
Gwinnett,1992,All,5884
Gwinnett,1992,Multi-family,44
Gwinnett,1992,Single-family,5840
Gwinnett,1993,All,7821
Gwinnett,1993,Multi-family,722
Gwinnett,1993,Single-family,7099
Gwinnett,1994,All,8278
Gwinnett,1994,Multi-family,1494
Gwinnett,1994,Single-family,6784
Gwinnett,1995,All,9828
Gwinnett,1995,Multi-family,2613
Gwinnett,1995,Single-family,7215
Gwinnett,1996,All,9508
Gwinnett,1996,Multi-family,1879
Gwinnett,1996,Single-family,7629
Gwinnett,1997,All,9318
Gwinnett,1997,Multi-family,2103
Gwinnett,1997,Single-family,7215
Gwinnett,1998,All,11535
Gwinnett,1998,Multi-family,3292
Gwinnett,1998,Single-family,8243
Gwinnett,1999,All,9731
Gwinnett,1999,Multi-family,1262
Gwinnett,1999,Single-family,8469
Gwinnett,2000,All,12372
Gwinnett,2000,Multi-family,3520
Gwinnett,2000,Single-family,8852
Gwinnett,2001,All,11274
Gwinnett,2001,Multi-family,1628
Gwinnett,2001,Single-family,9646
Gwinnett,2002,All,10362
Gwinnett,2002,Multi-family,991
Gwinnett,2002,Single-family,9371
Gwinnett,2003,All,9617
Gwinnett,2003,Multi-family,588
Gwinnett,2003,Single-family,9029
Gwinnett,2004,All,10463
Gwinnett,2004,Multi-family,1079
Gwinnett,2004,Single-family,9384
Gwinnett,2005,All,9938
Gwinnett,2005,Multi-family,44
Gwinnett,2005,Single-family,9894
Gwinnett,2006,All,9033
Gwinnett,2006,Multi-family,1147
Gwinnett,2006,Single-family,7886
Gwinnett,2007,All,4408
Gwinnett,2007,Multi-family,130
Gwinnett,2007,Single-family,4278
Gwinnett,2008,All,1959
Gwinnett,2008,Multi-family,596
Gwinnett,2008,Single-family,1363
Gwinnett,2009,All,719
Gwinnett,2009,Multi-family,102
Gwinnett,2009,Single-family,617
Gwinnett,2010,All,1239
Gwinnett,2010,Multi-family,159
Gwinnett,2010,Single-family,1080
Gwinnett,2011,All,873
Gwinnett,2011,Multi-family,0
Gwinnett,2011,Single-family,873
Gwinnett,2012,All,2469
Gwinnett,2012,Multi-family,905
Gwinnett,2012,Single-family,1564
Gwinnett,2013,All,3347
Gwinnett,2013,Multi-family,423
Gwinnett,2013,Single-family,2924
Gwinnett,2014,All,3379
Gwinnett,2014,Multi-family,244
Gwinnett,2014,Single-family,3135
Gwinnett,2015,All,3918
Gwinnett,2015,Multi-family,633
Gwinnett,2015,Single-family,3285
Gwinnett,2016,All,3977
Gwinnett,2016,Multi-family,198
Gwinnett,2016,Single-family,3779
Gwinnett,2017,All,3917
Gwinnett,2017,Multi-family,318
Gwinnett,2017,Single-family,3599
Gwinnett,2018,All,3716
Gwinnett,2018,Multi-family,462
Gwinnett,2018,Single-family,3254
Gwinnett,2019,All,4204
Gwinnett,2019,Multi-family,792
Gwinnett,2019,Single-family,3412
Gwinnett,2020,All,4551
Gwinnett,2020,Multi-family,347
Gwinnett,2020,Single-family,4204
Gwinnett,2021,All,4735
Gwinnett,2021,Multi-family,469
Gwinnett,2021,Single-family,4266
Gwinnett,2022,All,5485
Gwinnett,2022,Multi-family,1625
Gwinnett,2022,Single-family,3860
Gwinnett,2023,All,5423
Gwinnett,2023,Multi-family,1281
Gwinnett,2023,Single-family,4142
Gwinnett,2024,All,5607
Gwinnett,2024,Multi-family,1303
Gwinnett,2024,Single-family,4304
Henry,1980,All,375
Henry,1980,Multi-family,2
Henry,1980,Single-family,373
Henry,1981,All,344
Henry,1981,Multi-family,8
Henry,1981,Single-family,336
Henry,1982,All,344
Henry,1982,Multi-family,10
Henry,1982,Single-family,334
Henry,1983,All,578
Henry,1983,Multi-family,22
Henry,1983,Single-family,556
Henry,1984,All,810
Henry,1984,Multi-family,126
Henry,1984,Single-family,684
Henry,1985,All,1079
Henry,1985,Multi-family,180
Henry,1985,Single-family,899
Henry,1986,All,1444
Henry,1986,Multi-family,104
Henry,1986,Single-family,1340
Henry,1987,All,1594
Henry,1987,Multi-family,131
Henry,1987,Single-family,1463
Henry,1988,All,1602
Henry,1988,Multi-family,184
Henry,1988,Single-family,1418
Henry,1989,All,1400
Henry,1989,Multi-family,310
Henry,1989,Single-family,1090
Henry,1990,All,1292
Henry,1990,Multi-family,200
Henry,1990,Single-family,1092
Henry,1991,All,1246
Henry,1991,Multi-family,17
Henry,1991,Single-family,1229
Henry,1992,All,1786
Henry,1992,Multi-family,123
Henry,1992,Single-family,1663
Henry,1993,All,2374
Henry,1993,Multi-family,418
Henry,1993,Single-family,1956
Henry,1994,All,1878
Henry,1994,Multi-family,30
Henry,1994,Single-family,1848
Henry,1995,All,2133
Henry,1995,Multi-family,30
Henry,1995,Single-family,2103
Henry,1996,All,2977
Henry,1996,Multi-family,298
Henry,1996,Single-family,2679
Henry,1997,All,2590
Henry,1997,Multi-family,20
Henry,1997,Single-family,2570
Henry,1998,All,3680
Henry,1998,Multi-family,828
Henry,1998,Single-family,2852
Henry,1999,All,3443
Henry,1999,Multi-family,536
Henry,1999,Single-family,2907
Henry,2000,All,4130
Henry,2000,Multi-family,729
Henry,2000,Single-family,3401
Henry,2001,All,3781
Henry,2001,Multi-family,260
Henry,2001,Single-family,3521
Henry,2002,All,4689
Henry,2002,Multi-family,628
Henry,2002,Single-family,4061
Henry,2003,All,4466
Henry,2003,Multi-family,702
Henry,2003,Single-family,3764
Henry,2004,All,3855
Henry,2004,Multi-family,264
Henry,2004,Single-family,3591
Henry,2005,All,3903
Henry,2005,Multi-family,206
Henry,2005,Single-family,3697
Henry,2006,All,3165
Henry,2006,Multi-family,173
Henry,2006,Single-family,2992
Henry,2007,All,2418
Henry,2007,Multi-family,766
Henry,2007,Single-family,1652
Henry,2008,All,737
Henry,2008,Multi-family,258
Henry,2008,Single-family,479
Henry,2009,All,247
Henry,2009,Multi-family,4
Henry,2009,Single-family,243
Henry,2010,All,260
Henry,2010,Multi-family,0
Henry,2010,Single-family,260
Henry,2011,All,250
Henry,2011,Multi-family,66
Henry,2011,Single-family,184
Henry,2012,All,208
Henry,2012,Multi-family,0
Henry,2012,Single-family,208
Henry,2013,All,694
Henry,2013,Multi-family,60
Henry,2013,Single-family,634
Henry,2014,All,1047
Henry,2014,Multi-family,0
Henry,2014,Single-family,1047
Henry,2015,All,1269
Henry,2015,Multi-family,4
Henry,2015,Single-family,1265
Henry,2016,All,1454
Henry,2016,Multi-family,60
Henry,2016,Single-family,1394
Henry,2017,All,1571
Henry,2017,Multi-family,0
Henry,2017,Single-family,1571
Henry,2018,All,1905
Henry,2018,Multi-family,0
Henry,2018,Single-family,1905
Henry,2019,All,1821
Henry,2019,Multi-family,132
Henry,2019,Single-family,1689
Henry,2020,All,1867
Henry,2020,Multi-family,97
Henry,2020,Single-family,1770
Henry,2021,All,2486
Henry,2021,Multi-family,368
Henry,2021,Single-family,2118
Henry,2022,All,2915
Henry,2022,Multi-family,1320
Henry,2022,Single-family,1595
Henry,2023,All,2131
Henry,2023,Multi-family,450
Henry,2023,Single-family,1681
Henry,2024,All,1989
Henry,2024,Multi-family,92
Henry,2024,Single-family,1897
Metro,1980,All,21262
Metro,1980,Multi-family,5778
Metro,1980,Single-family,15484
Metro,1981,All,17915
Metro,1981,Multi-family,5749
Metro,1981,Single-family,12166
Metro,1982,All,23348
Metro,1982,Multi-family,6708
Metro,1982,Single-family,16640
Metro,1983,All,43791
Metro,1983,Multi-family,15604
Metro,1983,Single-family,28187
Metro,1984,All,47503
Metro,1984,Multi-family,18042
Metro,1984,Single-family,29461
Metro,1985,All,47221
Metro,1985,Multi-family,17053
Metro,1985,Single-family,30168
Metro,1986,All,49828
Metro,1986,Multi-family,17707
Metro,1986,Single-family,32121
Metro,1987,All,40284
Metro,1987,Multi-family,12421
Metro,1987,Single-family,27863
Metro,1988,All,40199
Metro,1988,Multi-family,15298
Metro,1988,Single-family,24901
Metro,1989,All,29646
Metro,1989,Multi-family,11006
Metro,1989,Single-family,18640
Metro,1990,All,23147
Metro,1990,Multi-family,5780
Metro,1990,Single-family,17367
Metro,1991,All,20117
Metro,1991,Multi-family,1803
Metro,1991,Single-family,18314
Metro,1992,All,24080
Metro,1992,Multi-family,847
Metro,1992,Single-family,23233
Metro,1993,All,30266
Metro,1993,Multi-family,3310
Metro,1993,Single-family,26956
Metro,1994,All,34367
Metro,1994,Multi-family,8015
Metro,1994,Single-family,26352
Metro,1995,All,40836
Metro,1995,Multi-family,12728
Metro,1995,Single-family,28108
Metro,1996,All,40357
Metro,1996,Multi-family,10421
Metro,1996,Single-family,29936
Metro,1997,All,41053
Metro,1997,Multi-family,10589
Metro,1997,Single-family,30464
Metro,1998,All,47377
Metro,1998,Multi-family,10960
Metro,1998,Single-family,36417
Metro,1999,All,49231
Metro,1999,Multi-family,11098
Metro,1999,Single-family,38133
Metro,2000,All,52027
Metro,2000,Multi-family,15939
Metro,2000,Single-family,36088
Metro,2001,All,51612
Metro,2001,Multi-family,14767
Metro,2001,Single-family,36845
Metro,2002,All,53164
Metro,2002,Multi-family,15459
Metro,2002,Single-family,37705
Metro,2003,All,50933
Metro,2003,Multi-family,10237
Metro,2003,Single-family,40696
Metro,2004,All,58490
Metro,2004,Multi-family,16118
Metro,2004,Single-family,42372
Metro,2005,All,56729
Metro,2005,Multi-family,10925
Metro,2005,Single-family,45804
Metro,2006,All,53978
Metro,2006,Multi-family,13987
Metro,2006,Single-family,39991
Metro,2007,All,35932
Metro,2007,Multi-family,13231
Metro,2007,Single-family,22701
Metro,2008,All,15930
Metro,2008,Multi-family,7240
Metro,2008,Single-family,8690
Metro,2009,All,4976
Metro,2009,Multi-family,1045
Metro,2009,Single-family,3931
Metro,2010,All,6056
Metro,2010,Multi-family,955
Metro,2010,Single-family,5101
Metro,2011,All,7288
Metro,2011,Multi-family,2216
Metro,2011,Single-family,5072
Metro,2012,All,12973
Metro,2012,Multi-family,5077
Metro,2012,Single-family,7896
Metro,2013,All,21177
Metro,2013,Multi-family,8793
Metro,2013,Single-family,12384
Metro,2014,All,23186
Metro,2014,Multi-family,9572
Metro,2014,Single-family,13614
Metro,2015,All,26050
Metro,2015,Multi-family,10126
Metro,2015,Single-family,15924
Metro,2016,All,30766
Metro,2016,Multi-family,12893
Metro,2016,Single-family,17873
Metro,2017,All,27451
Metro,2017,Multi-family,8708
Metro,2017,Single-family,18743
Metro,2018,All,31251
Metro,2018,Multi-family,11996
Metro,2018,Single-family,19255
Metro,2019,All,24428
Metro,2019,Multi-family,5878
Metro,2019,Single-family,18550
Metro,2020,All,22839
Metro,2020,Multi-family,3195
Metro,2020,Single-family,19644
Metro,2021,All,27161
Metro,2021,Multi-family,6332
Metro,2021,Single-family,20829
Metro,2022,All,36572
Metro,2022,Multi-family,19032
Metro,2022,Single-family,17540
Metro,2023,All,28595
Metro,2023,Multi-family,13085
Metro,2023,Single-family,15510
Metro,2024,All,29482
Metro,2024,Multi-family,13115
Metro,2024,Single-family,16367
Rockdale,1980,All,525
Rockdale,1980,Multi-family,130
Rockdale,1980,Single-family,395
Rockdale,1981,All,273
Rockdale,1981,Multi-family,6
Rockdale,1981,Single-family,267
Rockdale,1982,All,355
Rockdale,1982,Multi-family,87
Rockdale,1982,Single-family,268
Rockdale,1983,All,581
Rockdale,1983,Multi-family,144
Rockdale,1983,Single-family,437
Rockdale,1984,All,711
Rockdale,1984,Multi-family,104
Rockdale,1984,Single-family,607
Rockdale,1985,All,879
Rockdale,1985,Multi-family,185
Rockdale,1985,Single-family,694
Rockdale,1986,All,1343
Rockdale,1986,Multi-family,306
Rockdale,1986,Single-family,1037
Rockdale,1987,All,1086
Rockdale,1987,Multi-family,115
Rockdale,1987,Single-family,971
Rockdale,1988,All,1068
Rockdale,1988,Multi-family,318
Rockdale,1988,Single-family,750
Rockdale,1989,All,562
Rockdale,1989,Multi-family,2
Rockdale,1989,Single-family,560
Rockdale,1990,All,635
Rockdale,1990,Multi-family,4
Rockdale,1990,Single-family,631
Rockdale,1991,All,473
Rockdale,1991,Multi-family,2
Rockdale,1991,Single-family,471
Rockdale,1992,All,523
Rockdale,1992,Multi-family,4
Rockdale,1992,Single-family,519
Rockdale,1993,All,538
Rockdale,1993,Multi-family,0
Rockdale,1993,Single-family,538
Rockdale,1994,All,535
Rockdale,1994,Multi-family,0
Rockdale,1994,Single-family,535
Rockdale,1995,All,908
Rockdale,1995,Multi-family,461
Rockdale,1995,Single-family,447
Rockdale,1996,All,416
Rockdale,1996,Multi-family,8
Rockdale,1996,Single-family,408
Rockdale,1997,All,719
Rockdale,1997,Multi-family,292
Rockdale,1997,Single-family,427
Rockdale,1998,All,516
Rockdale,1998,Multi-family,9
Rockdale,1998,Single-family,507
Rockdale,1999,All,915
Rockdale,1999,Multi-family,458
Rockdale,1999,Single-family,457
Rockdale,2000,All,766
Rockdale,2000,Multi-family,312
Rockdale,2000,Single-family,454
Rockdale,2001,All,807
Rockdale,2001,Multi-family,240
Rockdale,2001,Single-family,567
Rockdale,2002,All,1033
Rockdale,2002,Multi-family,10
Rockdale,2002,Single-family,1023
Rockdale,2003,All,903
Rockdale,2003,Multi-family,20
Rockdale,2003,Single-family,883
Rockdale,2004,All,633
Rockdale,2004,Multi-family,0
Rockdale,2004,Single-family,633
Rockdale,2005,All,1021
Rockdale,2005,Multi-family,16
Rockdale,2005,Single-family,1005
Rockdale,2006,All,1034
Rockdale,2006,Multi-family,24
Rockdale,2006,Single-family,1010
Rockdale,2007,All,608
Rockdale,2007,Multi-family,6
Rockdale,2007,Single-family,602
Rockdale,2008,All,154
Rockdale,2008,Multi-family,2
Rockdale,2008,Single-family,152
Rockdale,2009,All,67
Rockdale,2009,Multi-family,8
Rockdale,2009,Single-family,59
Rockdale,2010,All,40
Rockdale,2010,Multi-family,0
Rockdale,2010,Single-family,40
Rockdale,2011,All,30
Rockdale,2011,Multi-family,0
Rockdale,2011,Single-family,30
Rockdale,2012,All,36
Rockdale,2012,Multi-family,0
Rockdale,2012,Single-family,36
Rockdale,2013,All,81
Rockdale,2013,Multi-family,0
Rockdale,2013,Single-family,81
Rockdale,2014,All,133
Rockdale,2014,Multi-family,0
Rockdale,2014,Single-family,133
Rockdale,2015,All,138
Rockdale,2015,Multi-family,0
Rockdale,2015,Single-family,138
Rockdale,2016,All,200
Rockdale,2016,Multi-family,0
Rockdale,2016,Single-family,200
Rockdale,2017,All,280
Rockdale,2017,Multi-family,20
Rockdale,2017,Single-family,260
Rockdale,2018,All,304
Rockdale,2018,Multi-family,4
Rockdale,2018,Single-family,300
Rockdale,2019,All,275
Rockdale,2019,Multi-family,0
Rockdale,2019,Single-family,275
Rockdale,2020,All,269
Rockdale,2020,Multi-family,0
Rockdale,2020,Single-family,269
Rockdale,2021,All,218
Rockdale,2021,Multi-family,0
Rockdale,2021,Single-family,218
Rockdale,2022,All,1024
Rockdale,2022,Multi-family,564
Rockdale,2022,Single-family,460
Rockdale,2023,All,385
Rockdale,2023,Multi-family,0
Rockdale,2023,Single-family,385
Rockdale,2024,All,483
Rockdale,2024,Multi-family,0
Rockdale,2024,Single-family,483
